limit,time,nodes,depth
2000,1.7144405841827393,46642,7
2000,1.6154601573944092,32874,8
2000,1.5050063133239746,3873,16
2000,0.1551342010498047,114,99
2000,0.02926015853881836,20,99
2000,0.0,2,99
2000,1.7490367889404297,46642,7
2000,1.6325483322143555,32874,8
2000,1.6420156955718994,8585,18
2000,1.500922679901123,114,1229
2000,1.505126714706421,20,7279
2000,1.5039265155792236,10,13637
2000,1.4393794536590576,2,99999
